instantane_utc,stations,part_vides,part_pleines
2026-09-22 13:28:47,52,0.1346,0.0
2026-09-22 13:29:47,52,0.1346,0.0
2026-09-22 13:30:48,52,0.1346,0.0
2026-09-22 13:31:48,52,0.1346,0.0
2026-09-22 13:32:48,52,0.1346,0.0
2026-09-22 13:33:49,52,0.1346,0.0
2026-09-22 13:34:49,52,0.1346,0.0
2026-09-22 13:35:49,52,0.1346,0.0
2026-09-22 13:36:49,52,0.1346,0.0
2026-09-22 13:37:50,52,0.1346,0.0
2026-09-22 13:38:50,52,0.1346,0.0
2026-09-22 13:39:50,52,0.1346,0.0
2026-09-22 13:40:50,52,0.1346,0.0
2026-09-22 13:41:50,52,0.1346,0.0
2026-09-22 13:42:51,52,0.1346,0.0
2026-09-22 13:43:51,52,0.1346,0.0
2026-09-22 13:44:52,52,0.1346,0.0
2026-09-22 13:45:52,52,0.1346,0.0
2026-09-22 13:46:52,52,0.1346,0.0
2026-09-22 13:47:52,52,0.1346,0.0
2026-09-22 13:48:53,52,0.1346,0.0
2026-09-22 13:49:53,52,0.1346,0.0
2026-09-22 13:50:53,52,0.1346,0.0
2026-09-22 13:51:53,52,0.1346,0.0
2026-09-22 13:52:54,52,0.1346,0.0
2026-09-22 13:53:54,52,0.1346,0.0
2026-09-22 13:54:54,52,0.1346,0.0
2026-09-22 13:55:55,52,0.1346,0.0
2026-09-22 13:56:55,52,0.1346,0.0
2026-09-22 13:57:55,52,0.1346,0.0
2026-09-22 13:58:55,52,0.1346,0.0
2026-09-22 13:59:56,52,0.1346,0.0
2026-09-22 14:00:56,52,0.1346,0.0
2026-09-22 14:01:56,52,0.1346,0.0
2026-09-22 14:02:56,52,0.1346,0.0
2026-09-22 14:03:57,52,0.1346,0.0
2026-09-22 14:04:57,52,0.1346,0.0
2026-09-22 14:05:57,52,0.1346,0.0
2026-09-22 14:06:57,52,0.1346,0.0
2026-09-22 14:07:57,52,0.1346,0.0
2026-09-22 14:08:58,52,0.1538,0.0
2026-09-22 14:09:58,52,0.1538,0.0
2026-09-22 14:10:58,52,0.1538,0.0
2026-09-22 14:11:58,52,0.1538,0.0
2026-09-22 14:12:59,52,0.1538,0.0
2026-09-22 14:13:59,52,0.1538,0.0
2026-09-22 14:14:59,52,0.1538,0.0
2026-09-22 14:15:59,52,0.1538,0.0
2026-09-22 14:17:00,52,0.1538,0.0
2026-09-22 14:18:00,52,0.1538,0.0
2026-09-22 14:19:00,52,0.1538,0.0
2026-09-22 14:20:00,52,0.1538,0.0
2026-09-22 14:21:01,52,0.1538,0.0
2026-09-22 14:22:01,52,0.1538,0.0
2026-09-22 14:23:01,52,0.1538,0.0
2026-09-22 14:24:02,52,0.1538,0.0
2026-09-22 14:25:02,52,0.1538,0.0
2026-09-22 14:26:02,52,0.1538,0.0
2026-09-22 14:27:02,52,0.1538,0.0
2026-09-22 14:28:03,52,0.1538,0.0
2026-09-22 14:29:03,52,0.1538,0.0
2026-09-22 14:30:03,52,0.1538,0.0
2026-09-22 14:31:03,52,0.1538,0.0
2026-09-22 14:32:05,52,0.1538,0.0
2026-09-22 14:33:09,52,0.1538,0.0
2026-09-22 14:34:09,52,0.1538,0.0
2026-09-22 14:35:09,52,0.1538,0.0
2026-09-22 14:36:10,52,0.1538,0.0
2026-09-22 14:37:10,52,0.1538,0.0
2026-09-22 14:38:10,52,0.1731,0.0
2026-09-22 14:39:10,52,0.1731,0.0
2026-09-22 14:40:11,52,0.1731,0.0
2026-09-22 14:41:11,52,0.1731,0.0
2026-09-22 14:42:11,52,0.1731,0.0
2026-09-22 14:43:11,52,0.1731,0.0
2026-09-22 14:44:12,52,0.1731,0.0
2026-09-22 14:45:12,52,0.1731,0.0
2026-09-22 14:46:13,52,0.1731,0.0
2026-09-22 14:47:13,52,0.1731,0.0
2026-09-22 14:48:13,52,0.1731,0.0
2026-09-22 14:49:14,52,0.1731,0.0
2026-09-22 14:50:14,52,0.1731,0.0
2026-09-22 14:51:14,52,0.1731,0.0
2026-09-22 14:52:14,52,0.1731,0.0
2026-09-22 14:53:15,52,0.1731,0.0
2026-09-22 14:54:15,52,0.1731,0.0
2026-09-22 14:55:15,52,0.1538,0.0
2026-09-22 14:56:16,52,0.1538,0.0
2026-09-22 14:57:16,52,0.1538,0.0
2026-09-22 14:58:16,52,0.1538,0.0
2026-09-22 14:59:16,52,0.1538,0.0
2026-09-22 15:00:17,52,0.1538,0.0
2026-09-22 15:01:17,52,0.1538,0.0
2026-09-22 15:02:17,52,0.1538,0.0
2026-09-22 15:03:18,52,0.1538,0.0
2026-09-22 15:04:18,52,0.1538,0.0
2026-09-22 15:05:18,52,0.1538,0.0
2026-09-22 15:06:19,52,0.1538,0.0
2026-09-22 15:07:19,52,0.1538,0.0
2026-09-22 15:08:19,52,0.1538,0.0
2026-09-22 15:09:19,52,0.1538,0.0
2026-09-22 15:10:19,52,0.1538,0.0
2026-09-22 15:11:20,52,0.1538,0.0
2026-09-22 15:12:20,52,0.1538,0.0
2026-09-22 15:13:21,52,0.1538,0.0
2026-09-22 15:14:21,52,0.1538,0.0
2026-09-22 15:15:21,52,0.1538,0.0
2026-09-22 15:16:21,52,0.1538,0.0
2026-09-22 15:17:22,52,0.1538,0.0
2026-09-22 15:18:22,52,0.1538,0.0
2026-09-22 15:19:22,52,0.1538,0.0
2026-09-22 15:20:22,52,0.1538,0.0
2026-09-22 15:21:22,52,0.1538,0.0
2026-09-22 15:22:23,52,0.1538,0.0
2026-09-22 15:23:23,52,0.1538,0.0
2026-09-22 15:24:23,52,0.1346,0.0
2026-09-22 15:25:24,52,0.1346,0.0
2026-09-22 15:26:24,52,0.1346,0.0
2026-09-22 15:27:24,52,0.1346,0.0
2026-09-22 15:28:24,52,0.1346,0.0
2026-09-22 15:29:25,52,0.1346,0.0
2026-09-22 15:30:25,52,0.1346,0.0
2026-09-22 15:31:25,52,0.1346,0.0
2026-09-22 15:32:25,52,0.1346,0.0
2026-09-22 15:33:26,52,0.1346,0.0
2026-09-22 15:34:26,52,0.1346,0.0
2026-09-22 15:35:26,52,0.1346,0.0
2026-09-22 15:36:26,52,0.1346,0.0
2026-09-22 15:37:27,52,0.1346,0.0
2026-09-22 15:38:27,52,0.1346,0.0
2026-09-22 15:39:27,52,0.1346,0.0
2026-09-22 15:40:28,52,0.1346,0.0
2026-09-22 15:41:28,52,0.1346,0.0
2026-09-22 15:42:28,52,0.1346,0.0
2026-09-22 15:43:28,52,0.1346,0.0
2026-09-22 15:44:29,52,0.1346,0.0
2026-09-22 15:45:29,52,0.1346,0.0
2026-09-22 15:46:29,52,0.1346,0.0
2026-09-22 15:47:29,52,0.1346,0.0
2026-09-22 15:48:30,52,0.1538,0.0
2026-09-22 15:49:30,52,0.1538,0.0
2026-09-22 15:50:30,52,0.1346,0.0
2026-09-22 15:51:30,52,0.1346,0.0
2026-09-22 15:52:31,52,0.1346,0.0
2026-09-22 15:53:31,52,0.1346,0.0
2026-09-22 15:54:31,52,0.1346,0.0
2026-09-22 15:55:31,52,0.1346,0.0
2026-09-22 15:56:32,52,0.1346,0.0
2026-09-22 15:57:32,52,0.1346,0.0
2026-09-22 15:58:32,52,0.1346,0.0
2026-09-22 15:59:32,52,0.1346,0.0
2026-09-22 16:00:33,52,0.1346,0.0
2026-09-22 16:01:33,52,0.1346,0.0
2026-09-22 16:02:33,52,0.1346,0.0
2026-09-22 16:03:33,52,0.1154,0.0
2026-09-22 16:04:34,52,0.1154,0.0
2026-09-22 16:05:34,52,0.1154,0.0
2026-09-22 16:06:34,52,0.1154,0.0
2026-09-22 16:07:34,52,0.1154,0.0
2026-09-22 16:08:35,52,0.1154,0.0
2026-09-22 16:09:35,52,0.1154,0.0
2026-09-22 16:10:35,52,0.1154,0.0
2026-09-22 16:11:35,52,0.1154,0.0
2026-09-22 16:12:36,52,0.1154,0.0
2026-09-22 16:13:36,52,0.1154,0.0
2026-09-22 16:14:36,52,0.1154,0.0
2026-09-22 16:15:37,52,0.1154,0.0
2026-09-22 16:16:37,52,0.1154,0.0
2026-09-22 16:17:37,52,0.1154,0.0
2026-09-22 16:18:37,52,0.1154,0.0
2026-09-22 16:19:37,52,0.1154,0.0
2026-09-22 16:20:38,52,0.1154,0.0
2026-09-22 16:21:38,52,0.1154,0.0
2026-09-22 16:22:38,52,0.1154,0.0
2026-09-22 16:23:38,52,0.1154,0.0
2026-09-22 16:24:39,52,0.1154,0.0
2026-09-22 16:25:39,52,0.1154,0.0
2026-09-22 16:26:39,52,0.1154,0.0
2026-09-22 16:27:40,52,0.1154,0.0
2026-09-22 16:28:40,52,0.1346,0.0
2026-09-22 16:29:40,52,0.1346,0.0
2026-09-22 16:30:40,52,0.1346,0.0
2026-09-22 16:31:40,52,0.1346,0.0
2026-09-22 16:32:41,52,0.1346,0.0
2026-09-22 16:33:41,52,0.1346,0.0
2026-09-22 16:34:42,52,0.1346,0.0
2026-09-22 16:35:42,52,0.1346,0.0
2026-09-22 16:36:42,52,0.1346,0.0
2026-09-22 16:37:43,52,0.1346,0.0
2026-09-22 16:38:43,52,0.1346,0.0
2026-09-22 16:39:43,52,0.1346,0.0
2026-09-22 16:40:43,52,0.1346,0.0
2026-09-22 16:41:43,52,0.1346,0.0
2026-09-22 16:42:44,52,0.1346,0.0
2026-09-22 16:43:44,52,0.1346,0.0
2026-09-22 16:44:44,52,0.1346,0.0
2026-09-22 16:45:44,52,0.1346,0.0
2026-09-22 16:46:45,52,0.1346,0.0
2026-09-22 16:47:45,52,0.1346,0.0
2026-09-22 16:48:45,52,0.1346,0.0
2026-09-22 16:49:46,52,0.1346,0.0
2026-09-22 16:50:46,52,0.1346,0.0
2026-09-22 16:51:46,52,0.1346,0.0
2026-09-22 16:52:46,52,0.1346,0.0
2026-09-22 16:53:46,52,0.1346,0.0
2026-09-22 16:54:47,52,0.1346,0.0
2026-09-22 16:55:47,52,0.1346,0.0
2026-09-22 16:56:47,52,0.1346,0.0
2026-09-22 16:57:48,52,0.1346,0.0
2026-09-22 16:58:48,52,0.1346,0.0
2026-09-22 16:59:48,52,0.1346,0.0
2026-09-22 17:00:48,52,0.1346,0.0
2026-09-22 17:01:48,52,0.1346,0.0
2026-09-22 17:02:49,52,0.1346,0.0
2026-09-22 17:03:49,52,0.1346,0.0
2026-09-22 17:04:49,52,0.1346,0.0
2026-09-22 17:05:49,52,0.1346,0.0
2026-09-22 17:06:50,52,0.1346,0.0
2026-09-22 17:07:50,52,0.1346,0.0
2026-09-22 17:08:50,52,0.1346,0.0
2026-09-22 17:09:50,52,0.1346,0.0
2026-09-22 17:10:51,52,0.1346,0.0
2026-09-22 17:11:51,52,0.1346,0.0
2026-09-22 17:12:51,52,0.1346,0.0
2026-09-22 17:13:51,52,0.1346,0.0
2026-09-22 17:14:52,52,0.1346,0.0
2026-09-22 17:15:52,52,0.1346,0.0
2026-09-22 17:16:52,52,0.1346,0.0
2026-09-22 17:17:52,52,0.1346,0.0
2026-09-22 17:18:53,52,0.1346,0.0
2026-09-22 17:19:53,52,0.1346,0.0
2026-09-22 17:20:53,52,0.1346,0.0
2026-09-22 17:21:53,52,0.1346,0.0
2026-09-22 17:22:54,52,0.1346,0.0
2026-09-22 17:23:54,52,0.1346,0.0
2026-09-22 17:24:54,52,0.1346,0.0
2026-09-22 17:25:55,52,0.1346,0.0
2026-09-22 17:26:55,52,0.1346,0.0
2026-09-22 17:27:55,52,0.1346,0.0
2026-09-22 17:28:55,52,0.1154,0.0
2026-09-22 17:29:56,52,0.1154,0.0
2026-09-22 17:30:56,52,0.1154,0.0
2026-09-22 17:31:56,52,0.1154,0.0
2026-09-22 17:32:57,52,0.1154,0.0
2026-09-22 17:33:57,52,0.1154,0.0
2026-09-22 17:34:58,52,0.1154,0.0
2026-09-22 17:35:58,52,0.1154,0.0
2026-09-22 17:36:58,52,0.1154,0.0
2026-09-22 17:37:58,52,0.1154,0.0
2026-09-22 17:38:59,52,0.1154,0.0
2026-09-22 17:39:59,52,0.1154,0.0
2026-09-22 17:40:59,52,0.1154,0.0
2026-09-22 17:41:59,52,0.1154,0.0
2026-09-22 17:43:00,52,0.1154,0.0
2026-09-22 17:44:00,52,0.1154,0.0
2026-09-22 17:45:00,52,0.1154,0.0
2026-09-22 17:46:00,52,0.1154,0.0
2026-09-22 17:47:01,52,0.1154,0.0
2026-09-22 17:48:01,52,0.1154,0.0
2026-09-22 17:49:01,52,0.1154,0.0
2026-09-22 17:50:01,52,0.1154,0.0
2026-09-22 17:51:02,52,0.1154,0.0
2026-09-22 17:52:02,52,0.1154,0.0
2026-09-22 17:53:02,52,0.1154,0.0
2026-09-22 17:54:03,52,0.1346,0.0
2026-09-22 17:55:03,52,0.1346,0.0
2026-09-22 17:56:03,52,0.1346,0.0
2026-09-22 17:57:03,52,0.1346,0.0
2026-09-22 17:58:04,52,0.1346,0.0
2026-09-22 17:59:04,52,0.1346,0.0
2026-09-22 18:00:04,52,0.1346,0.0
2026-09-22 18:01:04,52,0.1346,0.0
2026-09-22 18:02:05,52,0.1346,0.0
2026-09-22 18:03:05,52,0.1346,0.0
2026-09-22 18:04:05,52,0.1346,0.0
2026-09-22 18:05:05,52,0.1538,0.0
2026-09-22 18:06:06,52,0.1538,0.0
2026-09-22 18:07:06,52,0.1346,0.0
2026-09-22 18:08:06,52,0.1346,0.0
2026-09-22 18:09:06,52,0.1346,0.0
2026-09-22 18:10:07,52,0.1154,0.0
2026-09-22 18:11:07,52,0.1154,0.0
2026-09-22 18:12:07,52,0.1154,0.0
2026-09-22 18:13:07,52,0.1154,0.0
2026-09-22 18:14:08,52,0.1154,0.0
2026-09-22 18:15:08,52,0.1154,0.0
2026-09-22 18:16:08,52,0.1154,0.0
2026-09-22 18:17:08,52,0.1154,0.0
2026-09-22 18:18:09,52,0.1154,0.0
2026-09-22 18:19:09,52,0.1154,0.0
2026-09-22 18:20:09,52,0.1154,0.0
2026-09-22 18:21:09,52,0.1154,0.0
2026-09-22 18:22:10,52,0.1154,0.0
2026-09-22 18:23:10,52,0.1154,0.0
2026-09-22 18:24:11,52,0.1154,0.0
2026-09-22 18:25:12,52,0.1154,0.0
2026-09-22 18:26:12,52,0.0962,0.0
2026-09-22 18:27:12,52,0.0962,0.0
2026-09-22 18:28:12,52,0.1154,0.0
2026-09-22 18:29:13,52,0.1154,0.0
2026-09-22 18:30:13,52,0.1154,0.0
2026-09-22 18:31:13,52,0.1154,0.0
2026-09-22 18:32:13,52,0.1154,0.0
2026-09-22 18:33:14,52,0.1154,0.0
2026-09-22 18:34:14,52,0.1154,0.0
2026-09-22 18:35:14,52,0.1154,0.0
2026-09-22 18:36:14,52,0.1154,0.0
2026-09-22 18:37:15,52,0.1154,0.0
2026-09-22 18:38:15,52,0.1154,0.0
2026-09-22 18:39:15,52,0.1154,0.0
2026-09-22 18:40:16,52,0.1154,0.0
2026-09-22 18:41:16,52,0.1346,0.0
2026-09-22 18:42:16,52,0.1346,0.0
2026-09-22 18:43:16,52,0.1346,0.0
2026-09-22 18:44:17,52,0.1346,0.0
2026-09-22 23:27:42,52,0.1538,0.0
2026-09-22 23:28:42,52,0.1538,0.0
2026-09-22 23:29:42,52,0.1538,0.0
2026-09-22 23:30:43,52,0.1538,0.0
2026-09-22 23:31:43,52,0.1538,0.0
2026-09-22 23:32:43,52,0.1538,0.0
2026-09-22 23:33:44,52,0.1538,0.0
2026-09-22 23:34:44,52,0.1538,0.0
2026-09-22 23:35:44,52,0.1538,0.0
